{
    "users":{
        "find":{
            "200": "Data fetched Sucessfully",
            "400": "Bad Request",
            "401": "Unauthorised",
            "403": "Forbiden",
            "404": "Data Not Found",
            "409": "Resource Conflict",
            "500": "Internal Server error"
        },
        "save":{
            "200": "Data Saved Sucessfully",
            "400": "Bad Request",
            "401": "Unauthorised",
            "403": "Forbiden",
            "404": "Data Not Found",
            "409": "Resource Conflict",
            "500": "Internal Server error"
        },
        "update": {
            "200": "Data Updated Sucessfully",
            "400": "Bad Request",
            "401": "Unauthorised",
            "403": "Forbiden",
            "404": "Data Not Found",
            "409": "Resource Conflict",
            "500": "Internal Server error"
        },
        "delete":{
            "200": "Data deleted Sucessfully",
            "400": "Bad Request",
            "401": "Unauthorised",
            "403": "Forbiden",
            "404": "Data Not Found",
            "409": "Resource Conflict",
            "500": "Internal Server error"
        }
    }
}